{
"lengthUnit": "mil",
"remark": [],
"components": {
	"fields": ["COMPONENT_NO", "COMPONENT_NAME", "LAYER", "X_COORDINATE", "Y_COORDINATE", "ANGLE"],
	"rows": [
		[1, "C1", "T", 1455, 950, 0],
		[2, "C2", "T", 1420, -215, 0],
		[3, "H1", "T", 1265, -25, 0],
		[4, "LED1", "T", 2065, 1340, 0],
		[5, "LED2", "T", 2055, 1600, 0],
		[6, "LED3", "T", 1865, 1935, 0],
		[7, "LED4", "T", 1570, 2055, 0],
		[8, "LED5", "T", 1290, 2025, 0],
		[9, "LED6", "T", 985, 1895, 0],
		[10, "LED7", "T", 840, 1590, 0],
		[11, "LED8", "T", 835, 1280, 0],
		[12, "LED9", "T", 845, 990, 0],
		[13, "LED10", "T", 2065, 1035, 0],
		[14, "P1", "T", 1611.2685, -14.166, 0],
		[15, "R1", "T", 1755, 580, 90],
		[16, "R2", "T", 1160, 565, 270],
		[17, "R3", "T", 1455, 205, 90],
		[18, "U1", "T", 1450, 570, 270],
		[19, "U2", "T", 1435, 1500, 90],
		[20, "PAD1", "T", 1415.63, 950, 0],
		[21, "PAD1", "B", 1415.63, 950, 0],
		[22, "PAD2", "T", 1494.37, 950, 0],
		[23, "PAD2", "B", 1494.37, 950, 0],
		[24, "PAD3", "T", 1320, -215, 0],
		[25, "PAD3", "B", 1320, -215, 0],
		[26, "PAD4", "T", 1520, -215, 0],
		[27, "PAD4", "B", 1520, -215, 0],
		[28, "PAD5", "T", 1215, -25, 0],
		[29, "PAD5", "B", 1215, -25, 0],
		[30, "PAD6", "T", 1315, -25, 0],
		[31, "PAD6", "B", 1315, -25, 0],
		[32, "PAD7", "T", 2015, 1340, 0],
		[33, "PAD7", "B", 2015, 1340, 0],
		[34, "PAD8", "T", 2115, 1340, 0],
		[35, "PAD8", "B", 2115, 1340, 0],
		[36, "PAD9", "T", 2005, 1600, 0],
		[37, "PAD9", "B", 2005, 1600, 0],
		[38, "PAD10", "T", 2105, 1600, 0],
		[39, "PAD10", "B", 2105, 1600, 0],
		[40, "PAD11", "T", 1815, 1935, 0],
		[41, "PAD11", "B", 1815, 1935, 0],
		[42, "PAD12", "T", 1915, 1935, 0],
		[43, "PAD12", "B", 1915, 1935, 0],
		[44, "PAD13", "T", 1520, 2055, 0],
		[45, "PAD13", "B", 1520, 2055, 0],
		[46, "PAD14", "T", 1620, 2055, 0],
		[47, "PAD14", "B", 1620, 2055, 0],
		[48, "PAD15", "T", 1240, 2025, 0],
		[49, "PAD15", "B", 1240, 2025, 0],
		[50, "PAD16", "T", 1340, 2025, 0],
		[51, "PAD16", "B", 1340, 2025, 0],
		[52, "PAD17", "T", 935, 1895, 0],
		[53, "PAD17", "B", 935, 1895, 0],
		[54, "PAD18", "T", 1035, 1895, 0],
		[55, "PAD18", "B", 1035, 1895, 0],
		[56, "PAD19", "T", 790, 1590, 0],
		[57, "PAD19", "B", 790, 1590, 0],
		[58, "PAD20", "T", 890, 1590, 0],
		[59, "PAD20", "B", 890, 1590, 0],
		[60, "PAD21", "T", 785, 1280, 0],
		[61, "PAD21", "B", 785, 1280, 0],
		[62, "PAD22", "T", 885, 1280, 0],
		[63, "PAD22", "B", 885, 1280, 0],
		[64, "PAD23", "T", 795, 990, 0],
		[65, "PAD23", "B", 795, 990, 0],
		[66, "PAD24", "T", 895, 990, 0],
		[67, "PAD24", "B", 895, 990, 0],
		[68, "PAD25", "T", 2015, 1035, 0],
		[69, "PAD25", "B", 2015, 1035, 0],
		[70, "PAD26", "T", 2115, 1035, 0],
		[71, "PAD26", "B", 2115, 1035, 0],
		[72, "PAD27", "T", 1611.2685, -14.166, 0],
		[73, "PAD27", "B", 1611.2685, -14.166, 0],
		[74, "PAD28", "T", 1755, 373.31, 0],
		[75, "PAD28", "B", 1755, 373.31, 0],
		[76, "PAD29", "T", 1755, 786.69, 0],
		[77, "PAD29", "B", 1755, 786.69, 0],
		[78, "PAD30", "T", 1160, 771.695, 0],
		[79, "PAD30", "B", 1160, 771.695, 0],
		[80, "PAD31", "T", 1160, 358.305, 0],
		[81, "PAD31", "B", 1160, 358.305, 0],
		[82, "PAD32", "T", 1455.005, 205, 0],
		[83, "PAD32", "B", 1455.005, 205, 0],
		[84, "PAD33", "T", 1356.575, 205, 0],
		[85, "PAD33", "B", 1356.575, 205, 0],
		[86, "PAD34", "T", 1553.425, 205, 0],
		[87, "PAD34", "B", 1553.425, 205, 0],
		[88, "PAD35", "T", 1300, 720, 0],
		[89, "PAD35", "B", 1300, 720, 0],
		[90, "PAD36", "T", 1300, 620, 0],
		[91, "PAD36", "B", 1300, 620, 0],
		[92, "PAD37", "T", 1300, 520, 0],
		[93, "PAD37", "B", 1300, 520, 0],
		[94, "PAD38", "T", 1300, 420, 0],
		[95, "PAD38", "B", 1300, 420, 0],
		[96, "PAD39", "T", 1600, 720, 0],
		[97, "PAD39", "B", 1600, 720, 0],
		[98, "PAD40", "T", 1600, 620, 0],
		[99, "PAD40", "B", 1600, 620, 0],
		[100, "PAD41", "T", 1600, 520, 0],
		[101, "PAD41", "B", 1600, 520, 0],
		[102, "PAD42", "T", 1600, 420, 0],
		[103, "PAD42", "B", 1600, 420, 0],
		[104, "PAD43", "T", 1591.3, 1150, 0],
		[105, "PAD43", "B", 1591.3, 1150, 0],
		[106, "PAD44", "T", 1278.7, 1150, 0],
		[107, "PAD44", "B", 1278.7, 1150, 0],
		[108, "PAD45", "T", 1591.3, 1250, 0],
		[109, "PAD45", "B", 1591.3, 1250, 0],
		[110, "PAD46", "T", 1278.7, 1250, 0],
		[111, "PAD46", "B", 1278.7, 1250, 0],
		[112, "PAD47", "T", 1591.3, 1350, 0],
		[113, "PAD47", "B", 1591.3, 1350, 0],
		[114, "PAD48", "T", 1278.7, 1350, 0],
		[115, "PAD48", "B", 1278.7, 1350, 0],
		[116, "PAD49", "T", 1591.3, 1450, 0],
		[117, "PAD49", "B", 1591.3, 1450, 0],
		[118, "PAD50", "T", 1591.3, 1550, 0],
		[119, "PAD50", "B", 1591.3, 1550, 0],
		[120, "PAD51", "T", 1591.3, 1650, 0],
		[121, "PAD51", "B", 1591.3, 1650, 0],
		[122, "PAD52", "T", 1278.7, 1650, 0],
		[123, "PAD52", "B", 1278.7, 1650, 0],
		[124, "PAD53", "T", 1591.3, 1750, 0],
		[125, "PAD53", "B", 1591.3, 1750, 0],
		[126, "PAD54", "T", 1278.7, 1750, 0],
		[127, "PAD54", "B", 1278.7, 1750, 0],
		[128, "PAD55", "T", 1591.3, 1850, 0],
		[129, "PAD55", "B", 1591.3, 1850, 0],
		[130, "PAD56", "T", 1278.7, 1850, 0],
		[131, "PAD56", "B", 1278.7, 1850, 0]
	]
},
"pins": {
	"fields": ["PIN_NO", "PIN_NAME", "PIN_X", "PIN_Y", "LAYER", "PIN_TYPE", "NET_NAME", "NET_TYPE", "PAD_SHAPE", "PAD_SIZEX", "PAD_SIZEY", "HOLE_SIZE", "HOLE_LEN", "PAD_ANGLE"],
	"rows": [
		[1, "C1_1", 1415.63, 950, "T", "DIP", "$1N3296", "", "C", 51.181, 51.181, 31.496, 31.496, 0],
		[2, "C1_1", 1415.63, 950, "B", "DIP", "$1N3296", "", "C", 51.181, 51.181, 31.496, 31.496, 0],
		[3, "C1_2", 1494.37, 950, "T", "DIP", "$1N3192", "", "C", 51.181, 51.181, 31.496, 31.496, 0],
		[4, "C1_2", 1494.37, 950, "B", "DIP", "$1N3192", "", "C", 51.181, 51.181, 31.496, 31.496, 0],
		[5, "C2_1", 1320, -215, "T", "DIP", "$1N3192", "", "C", 70.866, 70.866, 47.244, 47.244, 0],
		[6, "C2_1", 1320, -215, "B", "DIP", "$1N3192", "", "C", 70.866, 70.866, 47.244, 47.244, 0],
		[7, "C2_2", 1520, -215, "T", "DIP", "$1N3314", "", "C", 70.866, 70.866, 47.244, 47.244, 0],
		[8, "C2_2", 1520, -215, "B", "DIP", "$1N3314", "", "C", 70.866, 70.866, 47.244, 47.244, 0],
		[9, "H1_1", 1215, -25, "T", "DIP", "$1N3184", "", "R", 78.74, 78.74, 47.244, 47.244, 0],
		[10, "H1_1", 1215, -25, "B", "DIP", "$1N3184", "", "R", 78.74, 78.74, 47.244, 47.244, 0],
		[11, "H1_2", 1315, -25, "T", "DIP", "$1N3192", "", "C", 78.74, 78.74, 47.244, 47.244, 0],
		[12, "H1_2", 1315, -25, "B", "DIP", "$1N3192", "", "C", 78.74, 78.74, 47.244, 47.244, 0],
		[13, "LED1_1", 2015, 1340, "T", "DIP", "$1N1960", "", "C", 70.866, 70.866, 39.37, 39.37, 0],
		[14, "LED1_1", 2015, 1340, "B", "DIP", "$1N1960", "", "C", 70.866, 70.866, 39.37, 39.37, 0],
		[15, "LED1_2", 2115, 1340, "T", "DIP", "$1N1887", "", "C", 70.866, 70.866, 39.37, 39.37, 0],
		[16, "LED1_2", 2115, 1340, "B", "DIP", "$1N1887", "", "C", 70.866, 70.866, 39.37, 39.37, 0],
		[17, "LED2_1", 2005, 1600, "T", "DIP", "$1N1960", "", "C", 70.866, 70.866, 39.37, 39.37, 0],
		[18, "LED2_1", 2005, 1600, "B", "DIP", "$1N1960", "", "C", 70.866, 70.866, 39.37, 39.37, 0],
		[19, "LED2_2", 2105, 1600, "T", "DIP", "$1N1893", "", "C", 70.866, 70.866, 39.37, 39.37, 0],
		[20, "LED2_2", 2105, 1600, "B", "DIP", "$1N1893", "", "C", 70.866, 70.866, 39.37, 39.37, 0],
		[21, "LED3_1", 1815, 1935, "T", "DIP", "$1N1960", "", "C", 70.866, 70.866, 39.37, 39.37, 0],
		[22, "LED3_1", 1815, 1935, "B", "DIP", "$1N1960", "", "C", 70.866, 70.866, 39.37, 39.37, 0],
		[23, "LED3_2", 1915, 1935, "T", "DIP", "$1N1900", "", "C", 70.866, 70.866, 39.37, 39.37, 0],
		[24, "LED3_2", 1915, 1935, "B", "DIP", "$1N1900", "", "C", 70.866, 70.866, 39.37, 39.37, 0],
		[25, "LED4_1", 1520, 2055, "T", "DIP", "$1N1960", "", "C", 70.866, 70.866, 39.37, 39.37, 0],
		[26, "LED4_1", 1520, 2055, "B", "DIP", "$1N1960", "", "C", 70.866, 70.866, 39.37, 39.37, 0],
		[27, "LED4_2", 1620, 2055, "T", "DIP", "$1N1907", "", "C", 70.866, 70.866, 39.37, 39.37, 0],
		[28, "LED4_2", 1620, 2055, "B", "DIP", "$1N1907", "", "C", 70.866, 70.866, 39.37, 39.37, 0],
		[29, "LED5_1", 1240, 2025, "T", "DIP", "$1N1960", "", "C", 70.866, 70.866, 39.37, 39.37, 0],
		[30, "LED5_1", 1240, 2025, "B", "DIP", "$1N1960", "", "C", 70.866, 70.866, 39.37, 39.37, 0],
		[31, "LED5_2", 1340, 2025, "T", "DIP", "$1N1914", "", "C", 70.866, 70.866, 39.37, 39.37, 0],
		[32, "LED5_2", 1340, 2025, "B", "DIP", "$1N1914", "", "C", 70.866, 70.866, 39.37, 39.37, 0],
		[33, "LED6_1", 935, 1895, "T", "DIP", "$1N1960", "", "C", 70.866, 70.866, 39.37, 39.37, 0],
		[34, "LED6_1", 935, 1895, "B", "DIP", "$1N1960", "", "C", 70.866, 70.866, 39.37, 39.37, 0],
		[35, "LED6_2", 1035, 1895, "T", "DIP", "$1N1921", "", "C", 70.866, 70.866, 39.37, 39.37, 0],
		[36, "LED6_2", 1035, 1895, "B", "DIP", "$1N1921", "", "C", 70.866, 70.866, 39.37, 39.37, 0],
		[37, "LED7_1", 790, 1590, "T", "DIP", "$1N1960", "", "C", 70.866, 70.866, 39.37, 39.37, 0],
		[38, "LED7_1", 790, 1590, "B", "DIP", "$1N1960", "", "C", 70.866, 70.866, 39.37, 39.37, 0],
		[39, "LED7_2", 890, 1590, "T", "DIP", "$1N1928", "", "C", 70.866, 70.866, 39.37, 39.37, 0],
		[40, "LED7_2", 890, 1590, "B", "DIP", "$1N1928", "", "C", 70.866, 70.866, 39.37, 39.37, 0],
		[41, "LED8_1", 785, 1280, "T", "DIP", "$1N1960", "", "C", 70.866, 70.866, 39.37, 39.37, 0],
		[42, "LED8_1", 785, 1280, "B", "DIP", "$1N1960", "", "C", 70.866, 70.866, 39.37, 39.37, 0],
		[43, "LED8_2", 885, 1280, "T", "DIP", "$1N1935", "", "C", 70.866, 70.866, 39.37, 39.37, 0],
		[44, "LED8_2", 885, 1280, "B", "DIP", "$1N1935", "", "C", 70.866, 70.866, 39.37, 39.37, 0],
		[45, "LED9_1", 795, 990, "T", "DIP", "$1N1960", "", "C", 70.866, 70.866, 39.37, 39.37, 0],
		[46, "LED9_1", 795, 990, "B", "DIP", "$1N1960", "", "C", 70.866, 70.866, 39.37, 39.37, 0],
		[47, "LED9_2", 895, 990, "T", "DIP", "$1N1947", "", "C", 70.866, 70.866, 39.37, 39.37, 0],
		[48, "LED9_2", 895, 990, "B", "DIP", "$1N1947", "", "C", 70.866, 70.866, 39.37, 39.37, 0],
		[49, "LED10_1", 2015, 1035, "T", "DIP", "$1N1960", "", "C", 70.866, 70.866, 39.37, 39.37, 0],
		[50, "LED10_1", 2015, 1035, "B", "DIP", "$1N1960", "", "C", 70.866, 70.866, 39.37, 39.37, 0],
		[51, "LED10_2", 2115, 1035, "T", "DIP", "$1N1953", "", "C", 70.866, 70.866, 39.37, 39.37, 0],
		[52, "LED10_2", 2115, 1035, "B", "DIP", "$1N1953", "", "C", 70.866, 70.866, 39.37, 39.37, 0],
		[53, "P1_1", 1611.2685, -14.166, "T", "DIP", "$1N3199", "", "R", 66.929, 66.929, 43.308, 43.308, 0],
		[54, "P1_1", 1611.2685, -14.166, "B", "DIP", "$1N3199", "", "R", 66.929, 66.929, 43.308, 43.308, 0],
		[55, "R1_1", 1755, 373.31, "T", "DIP", "$1N3384", "", "C", 55.118, 55.118, 27.56, 27.56, 90],
		[56, "R1_1", 1755, 373.31, "B", "DIP", "$1N3384", "", "C", 55.118, 55.118, 27.56, 27.56, 90],
		[57, "R1_2", 1755, 786.69, "T", "DIP", "$1N3184", "", "C", 55.118, 55.118, 27.56, 27.56, 90],
		[58, "R1_2", 1755, 786.69, "B", "DIP", "$1N3184", "", "C", 55.118, 55.118, 27.56, 27.56, 90],
		[59, "R2_1", 1160, 771.695, "T", "DIP", "$1N1960", "", "C", 62.992, 62.992, 36, 36, 270],
		[60, "R2_1", 1160, 771.695, "B", "DIP", "$1N1960", "", "C", 62.992, 62.992, 36, 36, 270],
		[61, "R2_2", 1160, 358.305, "T", "DIP", "$1N3192", "", "C", 62.992, 62.992, 36, 36, 270],
		[62, "R2_2", 1160, 358.305, "B", "DIP", "$1N3192", "", "C", 62.992, 62.992, 36, 36, 270],
		[63, "R3_1", 1356.575, 205, "T", "DIP", "$1N3296", "", "C", 60, 60, 30, 30, 0],
		[64, "R3_1", 1356.575, 205, "B", "DIP", "$1N3296", "", "C", 60, 60, 30, 30, 0],
		[65, "R3_2", 1455.005, 205, "T", "DIP", "$1N3384", "", "C", 60, 60, 30, 30, 0],
		[66, "R3_2", 1455.005, 205, "B", "DIP", "$1N3384", "", "C", 60, 60, 30, 30, 0],
		[67, "R3_3", 1553.425, 205, "T", "DIP", "$1N3384", "", "C", 60, 60, 30, 30, 0],
		[68, "R3_3", 1553.425, 205, "B", "DIP", "$1N3384", "", "C", 60, 60, 30, 30, 0],
		[69, "U1_1", 1300, 720, "T", "DIP", "$1N3192", "", "R", 59.055, 59.055, 35.434, 35.434, 270],
		[70, "U1_1", 1300, 720, "B", "DIP", "$1N3192", "", "R", 59.055, 59.055, 35.434, 35.434, 270],
		[71, "U1_2", 1300, 620, "T", "DIP", "$1N3296", "", "C", 59.055, 59.055, 35.434, 35.434, 0],
		[72, "U1_2", 1300, 620, "B", "DIP", "$1N3296", "", "C", 59.055, 59.055, 35.434, 35.434, 0],
		[73, "U1_3", 1300, 520, "T", "DIP", "$1N3199", "", "C", 59.055, 59.055, 35.434, 35.434, 0],
		[74, "U1_3", 1300, 520, "B", "DIP", "$1N3199", "", "C", 59.055, 59.055, 35.434, 35.434, 0],
		[75, "U1_4", 1300, 420, "T", "DIP", "$1N3184", "", "C", 59.055, 59.055, 35.434, 35.434, 0],
		[76, "U1_4", 1300, 420, "B", "DIP", "$1N3184", "", "C", 59.055, 59.055, 35.434, 35.434, 0],
		[77, "U1_5", 1600, 420, "T", "DIP", "$1N3314", "", "C", 59.055, 59.055, 35.434, 35.434, 0],
		[78, "U1_5", 1600, 420, "B", "DIP", "$1N3314", "", "C", 59.055, 59.055, 35.434, 35.434, 0],
		[79, "U1_6", 1600, 520, "T", "DIP", "$1N3296", "", "C", 59.055, 59.055, 35.434, 35.434, 0],
		[80, "U1_6", 1600, 520, "B", "DIP", "$1N3296", "", "C", 59.055, 59.055, 35.434, 35.434, 0],
		[81, "U1_7", 1600, 620, "T", "DIP", "$1N3384", "", "C", 59.055, 59.055, 35.434, 35.434, 0],
		[82, "U1_7", 1600, 620, "B", "DIP", "$1N3384", "", "C", 59.055, 59.055, 35.434, 35.434, 0],
		[83, "U1_8", 1600, 720, "T", "DIP", "$1N3184", "", "C", 59.055, 59.055, 35.434, 35.434, 0],
		[84, "U1_8", 1600, 720, "B", "DIP", "$1N3184", "", "C", 59.055, 59.055, 35.434, 35.434, 0],
		[85, "U2_1", 1591.3, 1150, "T", "DIP", "$1N1921", "", "O", 56.693, 70.866, 31.496, 31.496, 90],
		[86, "U2_1", 1591.3, 1150, "B", "DIP", "$1N1921", "", "O", 56.693, 70.866, 31.496, 31.496, 90],
		[87, "U2_2", 1591.3, 1250, "T", "DIP", "$1N1893", "", "O", 56.693, 70.866, 31.496, 31.496, 90],
		[88, "U2_2", 1591.3, 1250, "B", "DIP", "$1N1893", "", "O", 56.693, 70.866, 31.496, 31.496, 90],
		[89, "U2_3", 1591.3, 1350, "T", "DIP", "$1N1887", "", "O", 56.693, 70.866, 31.496, 31.496, 90],
		[90, "U2_3", 1591.3, 1350, "B", "DIP", "$1N1887", "", "O", 56.693, 70.866, 31.496, 31.496, 90],
		[91, "U2_4", 1591.3, 1450, "T", "DIP", "$1N1900", "", "O", 56.693, 70.866, 31.496, 31.496, 90],
		[92, "U2_4", 1591.3, 1450, "B", "DIP", "$1N1900", "", "O", 56.693, 70.866, 31.496, 31.496, 90],
		[93, "U2_5", 1591.3, 1550, "T", "DIP", "$1N1928", "", "O", 56.693, 70.866, 31.496, 31.496, 90],
		[94, "U2_5", 1591.3, 1550, "B", "DIP", "$1N1928", "", "O", 56.693, 70.866, 31.496, 31.496, 90],
		[95, "U2_6", 1591.3, 1650, "T", "DIP", "$1N1935", "", "O", 56.693, 70.866, 31.496, 31.496, 90],
		[96, "U2_6", 1591.3, 1650, "B", "DIP", "$1N1935", "", "O", 56.693, 70.866, 31.496, 31.496, 90],
		[97, "U2_7", 1591.3, 1750, "T", "DIP", "$1N1907", "", "O", 56.693, 70.866, 31.496, 31.496, 90],
		[98, "U2_7", 1591.3, 1750, "B", "DIP", "$1N1907", "", "O", 56.693, 70.866, 31.496, 31.496, 90],
		[99, "U2_8", 1591.3, 1850, "T", "DIP", "$1N3192", "", "O", 56.693, 70.866, 31.496, 31.496, 90],
		[100, "U2_8", 1591.3, 1850, "B", "DIP", "$1N3192", "", "O", 56.693, 70.866, 31.496, 31.496, 90],
		[101, "U2_9", 1278.7, 1850, "T", "DIP", "$1N1947", "", "O", 56.693, 70.866, 31.496, 31.496, 90],
		[102, "U2_9", 1278.7, 1850, "B", "DIP", "$1N1947", "", "O", 56.693, 70.866, 31.496, 31.496, 90],
		[103, "U2_10", 1278.7, 1750, "T", "DIP", "$1N1914", "", "O", 56.693, 70.866, 31.496, 31.496, 90],
		[104, "U2_10", 1278.7, 1750, "B", "DIP", "$1N1914", "", "O", 56.693, 70.866, 31.496, 31.496, 90],
		[105, "U2_11", 1278.7, 1650, "T", "DIP", "$1N1953", "", "O", 56.693, 70.866, 31.496, 31.496, 90],
		[106, "U2_11", 1278.7, 1650, "B", "DIP", "$1N1953", "", "O", 56.693, 70.866, 31.496, 31.496, 90],
		[107, "U2_12", 1278.7, 1550, "T", "DIP", "NET_1", "", "O", 56.693, 70.866, 31.496, 31.496, 90],
		[108, "U2_12", 1278.7, 1550, "B", "DIP", "NET_1", "", "O", 56.693, 70.866, 31.496, 31.496, 90],
		[109, "U2_13", 1278.7, 1450, "T", "DIP", "NET_2", "", "O", 56.693, 70.866, 31.496, 31.496, 90],
		[110, "U2_13", 1278.7, 1450, "B", "DIP", "NET_2", "", "O", 56.693, 70.866, 31.496, 31.496, 90],
		[111, "U2_14", 1278.7, 1350, "T", "DIP", "$1N3199", "", "O", 56.693, 70.866, 31.496, 31.496, 90],
		[112, "U2_14", 1278.7, 1350, "B", "DIP", "$1N3199", "", "O", 56.693, 70.866, 31.496, 31.496, 90],
		[113, "U2_15", 1278.7, 1250, "T", "DIP", "$1N3192", "", "O", 56.693, 70.866, 31.496, 31.496, 90],
		[114, "U2_15", 1278.7, 1250, "B", "DIP", "$1N3192", "", "O", 56.693, 70.866, 31.496, 31.496, 90],
		[115, "U2_16", 1278.7, 1150, "T", "DIP", "$1N3184", "", "O", 56.693, 70.866, 31.496, 31.496, 90],
		[116, "U2_16", 1278.7, 1150, "B", "DIP", "$1N3184", "", "O", 56.693, 70.866, 31.496, 31.496, 90],
		[117, "PAD1_1", 1415.63, 950, "T", "DIP", "$1N3296", "", "C", 51.181, 51.181, 31.496, 31.496, 0],
		[118, "PAD1_1", 1415.63, 950, "B", "DIP", "$1N3296", "", "C", 51.181, 51.181, 31.496, 31.496, 0],
		[119, "PAD2_2", 1494.37, 950, "T", "DIP", "$1N3192", "", "C", 51.181, 51.181, 31.496, 31.496, 0],
		[120, "PAD2_2", 1494.37, 950, "B", "DIP", "$1N3192", "", "C", 51.181, 51.181, 31.496, 31.496, 0],
		[121, "PAD3_1", 1320, -215, "T", "DIP", "$1N3192", "", "C", 70.866, 70.866, 47.244, 47.244, 0],
		[122, "PAD3_1", 1320, -215, "B", "DIP", "$1N3192", "", "C", 70.866, 70.866, 47.244, 47.244, 0],
		[123, "PAD4_2", 1520, -215, "T", "DIP", "$1N3314", "", "C", 70.866, 70.866, 47.244, 47.244, 0],
		[124, "PAD4_2", 1520, -215, "B", "DIP", "$1N3314", "", "C", 70.866, 70.866, 47.244, 47.244, 0],
		[125, "PAD5_1", 1215, -25, "T", "DIP", "$1N3184", "", "R", 78.74, 78.74, 47.244, 47.244, 0],
		[126, "PAD5_1", 1215, -25, "B", "DIP", "$1N3184", "", "R", 78.74, 78.74, 47.244, 47.244, 0],
		[127, "PAD6_2", 1315, -25, "T", "DIP", "$1N3192", "", "C", 78.74, 78.74, 47.244, 47.244, 0],
		[128, "PAD6_2", 1315, -25, "B", "DIP", "$1N3192", "", "C", 78.74, 78.74, 47.244, 47.244, 0],
		[129, "PAD7_1", 2015, 1340, "T", "DIP", "$1N1960", "", "C", 70.866, 70.866, 39.37, 39.37, 0],
		[130, "PAD7_1", 2015, 1340, "B", "DIP", "$1N1960", "", "C", 70.866, 70.866, 39.37, 39.37, 0],
		[131, "PAD8_2", 2115, 1340, "T", "DIP", "$1N1887", "", "C", 70.866, 70.866, 39.37, 39.37, 0],
		[132, "PAD8_2", 2115, 1340, "B", "DIP", "$1N1887", "", "C", 70.866, 70.866, 39.37, 39.37, 0],
		[133, "PAD9_1", 2005, 1600, "T", "DIP", "$1N1960", "", "C", 70.866, 70.866, 39.37, 39.37, 0],
		[134, "PAD9_1", 2005, 1600, "B", "DIP", "$1N1960", "", "C", 70.866, 70.866, 39.37, 39.37, 0],
		[135, "PAD10_2", 2105, 1600, "T", "DIP", "$1N1893", "", "C", 70.866, 70.866, 39.37, 39.37, 0],
		[136, "PAD10_2", 2105, 1600, "B", "DIP", "$1N1893", "", "C", 70.866, 70.866, 39.37, 39.37, 0],
		[137, "PAD11_1", 1815, 1935, "T", "DIP", "$1N1960", "", "C", 70.866, 70.866, 39.37, 39.37, 0],
		[138, "PAD11_1", 1815, 1935, "B", "DIP", "$1N1960", "", "C", 70.866, 70.866, 39.37, 39.37, 0],
		[139, "PAD12_2", 1915, 1935, "T", "DIP", "$1N1900", "", "C", 70.866, 70.866, 39.37, 39.37, 0],
		[140, "PAD12_2", 1915, 1935, "B", "DIP", "$1N1900", "", "C", 70.866, 70.866, 39.37, 39.37, 0],
		[141, "PAD13_1", 1520, 2055, "T", "DIP", "$1N1960", "", "C", 70.866, 70.866, 39.37, 39.37, 0],
		[142, "PAD13_1", 1520, 2055, "B", "DIP", "$1N1960", "", "C", 70.866, 70.866, 39.37, 39.37, 0],
		[143, "PAD14_2", 1620, 2055, "T", "DIP", "$1N1907", "", "C", 70.866, 70.866, 39.37, 39.37, 0],
		[144, "PAD14_2", 1620, 2055, "B", "DIP", "$1N1907", "", "C", 70.866, 70.866, 39.37, 39.37, 0],
		[145, "PAD15_1", 1240, 2025, "T", "DIP", "$1N1960", "", "C", 70.866, 70.866, 39.37, 39.37, 0],
		[146, "PAD15_1", 1240, 2025, "B", "DIP", "$1N1960", "", "C", 70.866, 70.866, 39.37, 39.37, 0],
		[147, "PAD16_2", 1340, 2025, "T", "DIP", "$1N1914", "", "C", 70.866, 70.866, 39.37, 39.37, 0],
		[148, "PAD16_2", 1340, 2025, "B", "DIP", "$1N1914", "", "C", 70.866, 70.866, 39.37, 39.37, 0],
		[149, "PAD17_1", 935, 1895, "T", "DIP", "$1N1960", "", "C", 70.866, 70.866, 39.37, 39.37, 0],
		[150, "PAD17_1", 935, 1895, "B", "DIP", "$1N1960", "", "C", 70.866, 70.866, 39.37, 39.37, 0],
		[151, "PAD18_2", 1035, 1895, "T", "DIP", "$1N1921", "", "C", 70.866, 70.866, 39.37, 39.37, 0],
		[152, "PAD18_2", 1035, 1895, "B", "DIP", "$1N1921", "", "C", 70.866, 70.866, 39.37, 39.37, 0],
		[153, "PAD19_1", 790, 1590, "T", "DIP", "$1N1960", "", "C", 70.866, 70.866, 39.37, 39.37, 0],
		[154, "PAD19_1", 790, 1590, "B", "DIP", "$1N1960", "", "C", 70.866, 70.866, 39.37, 39.37, 0],
		[155, "PAD20_2", 890, 1590, "T", "DIP", "$1N1928", "", "C", 70.866, 70.866, 39.37, 39.37, 0],
		[156, "PAD20_2", 890, 1590, "B", "DIP", "$1N1928", "", "C", 70.866, 70.866, 39.37, 39.37, 0],
		[157, "PAD21_1", 785, 1280, "T", "DIP", "$1N1960", "", "C", 70.866, 70.866, 39.37, 39.37, 0],
		[158, "PAD21_1", 785, 1280, "B", "DIP", "$1N1960", "", "C", 70.866, 70.866, 39.37, 39.37, 0],
		[159, "PAD22_2", 885, 1280, "T", "DIP", "$1N1935", "", "C", 70.866, 70.866, 39.37, 39.37, 0],
		[160, "PAD22_2", 885, 1280, "B", "DIP", "$1N1935", "", "C", 70.866, 70.866, 39.37, 39.37, 0],
		[161, "PAD23_1", 795, 990, "T", "DIP", "$1N1960", "", "C", 70.866, 70.866, 39.37, 39.37, 0],
		[162, "PAD23_1", 795, 990, "B", "DIP", "$1N1960", "", "C", 70.866, 70.866, 39.37, 39.37, 0],
		[163, "PAD24_2", 895, 990, "T", "DIP", "$1N1947", "", "C", 70.866, 70.866, 39.37, 39.37, 0],
		[164, "PAD24_2", 895, 990, "B", "DIP", "$1N1947", "", "C", 70.866, 70.866, 39.37, 39.37, 0],
		[165, "PAD25_1", 2015, 1035, "T", "DIP", "$1N1960", "", "C", 70.866, 70.866, 39.37, 39.37, 0],
		[166, "PAD25_1", 2015, 1035, "B", "DIP", "$1N1960", "", "C", 70.866, 70.866, 39.37, 39.37, 0],
		[167, "PAD26_2", 2115, 1035, "T", "DIP", "$1N1953", "", "C", 70.866, 70.866, 39.37, 39.37, 0],
		[168, "PAD26_2", 2115, 1035, "B", "DIP", "$1N1953", "", "C", 70.866, 70.866, 39.37, 39.37, 0],
		[169, "PAD27_1", 1611.2685, -14.166, "T", "DIP", "$1N3199", "", "R", 66.929, 66.929, 43.308, 43.308, 0],
		[170, "PAD27_1", 1611.2685, -14.166, "B", "DIP", "$1N3199", "", "R", 66.929, 66.929, 43.308, 43.308, 0],
		[171, "PAD28_1", 1755, 373.31, "T", "DIP", "$1N3384", "", "C", 55.118, 55.118, 27.56, 27.56, 90],
		[172, "PAD28_1", 1755, 373.31, "B", "DIP", "$1N3384", "", "C", 55.118, 55.118, 27.56, 27.56, 90],
		[173, "PAD29_2", 1755, 786.69, "T", "DIP", "$1N3184", "", "C", 55.118, 55.118, 27.56, 27.56, 90],
		[174, "PAD29_2", 1755, 786.69, "B", "DIP", "$1N3184", "", "C", 55.118, 55.118, 27.56, 27.56, 90],
		[175, "PAD30_1", 1160, 771.695, "T", "DIP", "$1N1960", "", "C", 62.992, 62.992, 36, 36, 270],
		[176, "PAD30_1", 1160, 771.695, "B", "DIP", "$1N1960", "", "C", 62.992, 62.992, 36, 36, 270],
		[177, "PAD31_2", 1160, 358.305, "T", "DIP", "$1N3192", "", "C", 62.992, 62.992, 36, 36, 270],
		[178, "PAD31_2", 1160, 358.305, "B", "DIP", "$1N3192", "", "C", 62.992, 62.992, 36, 36, 270],
		[179, "PAD32_2", 1455.005, 205, "T", "DIP", "$1N3384", "", "C", 60, 60, 30, 30, 0],
		[180, "PAD32_2", 1455.005, 205, "B", "DIP", "$1N3384", "", "C", 60, 60, 30, 30, 0],
		[181, "PAD33_1", 1356.575, 205, "T", "DIP", "$1N3296", "", "C", 60, 60, 30, 30, 0],
		[182, "PAD33_1", 1356.575, 205, "B", "DIP", "$1N3296", "", "C", 60, 60, 30, 30, 0],
		[183, "PAD34_3", 1553.425, 205, "T", "DIP", "$1N3384", "", "C", 60, 60, 30, 30, 0],
		[184, "PAD34_3", 1553.425, 205, "B", "DIP", "$1N3384", "", "C", 60, 60, 30, 30, 0],
		[185, "PAD35_1", 1300, 720, "T", "DIP", "$1N3192", "", "R", 59.055, 59.055, 35.434, 35.434, 270],
		[186, "PAD35_1", 1300, 720, "B", "DIP", "$1N3192", "", "R", 59.055, 59.055, 35.434, 35.434, 270],
		[187, "PAD36_2", 1300, 620, "T", "DIP", "$1N3296", "", "C", 59.055, 59.055, 35.434, 35.434, 0],
		[188, "PAD36_2", 1300, 620, "B", "DIP", "$1N3296", "", "C", 59.055, 59.055, 35.434, 35.434, 0],
		[189, "PAD37_3", 1300, 520, "T", "DIP", "$1N3199", "", "C", 59.055, 59.055, 35.434, 35.434, 0],
		[190, "PAD37_3", 1300, 520, "B", "DIP", "$1N3199", "", "C", 59.055, 59.055, 35.434, 35.434, 0],
		[191, "PAD38_4", 1300, 420, "T", "DIP", "$1N3184", "", "C", 59.055, 59.055, 35.434, 35.434, 0],
		[192, "PAD38_4", 1300, 420, "B", "DIP", "$1N3184", "", "C", 59.055, 59.055, 35.434, 35.434, 0],
		[193, "PAD39_8", 1600, 720, "T", "DIP", "$1N3184", "", "C", 59.055, 59.055, 35.434, 35.434, 0],
		[194, "PAD39_8", 1600, 720, "B", "DIP", "$1N3184", "", "C", 59.055, 59.055, 35.434, 35.434, 0],
		[195, "PAD40_7", 1600, 620, "T", "DIP", "$1N3384", "", "C", 59.055, 59.055, 35.434, 35.434, 0],
		[196, "PAD40_7", 1600, 620, "B", "DIP", "$1N3384", "", "C", 59.055, 59.055, 35.434, 35.434, 0],
		[197, "PAD41_6", 1600, 520, "T", "DIP", "$1N3296", "", "C", 59.055, 59.055, 35.434, 35.434, 0],
		[198, "PAD41_6", 1600, 520, "B", "DIP", "$1N3296", "", "C", 59.055, 59.055, 35.434, 35.434, 0],
		[199, "PAD42_5", 1600, 420, "T", "DIP", "$1N3314", "", "C", 59.055, 59.055, 35.434, 35.434, 0],
		[200, "PAD42_5", 1600, 420, "B", "DIP", "$1N3314", "", "C", 59.055, 59.055, 35.434, 35.434, 0],
		[201, "PAD43_1", 1591.3, 1150, "T", "DIP", "$1N1921", "", "O", 56.693, 70.866, 31.496, 31.496, 90],
		[202, "PAD43_1", 1591.3, 1150, "B", "DIP", "$1N1921", "", "O", 56.693, 70.866, 31.496, 31.496, 90],
		[203, "PAD44_16", 1278.7, 1150, "T", "DIP", "$1N3184", "", "O", 56.693, 70.866, 31.496, 31.496, 90],
		[204, "PAD44_16", 1278.7, 1150, "B", "DIP", "$1N3184", "", "O", 56.693, 70.866, 31.496, 31.496, 90],
		[205, "PAD45_2", 1591.3, 1250, "T", "DIP", "$1N1893", "", "O", 56.693, 70.866, 31.496, 31.496, 90],
		[206, "PAD45_2", 1591.3, 1250, "B", "DIP", "$1N1893", "", "O", 56.693, 70.866, 31.496, 31.496, 90],
		[207, "PAD46_15", 1278.7, 1250, "T", "DIP", "$1N3192", "", "O", 56.693, 70.866, 31.496, 31.496, 90],
		[208, "PAD46_15", 1278.7, 1250, "B", "DIP", "$1N3192", "", "O", 56.693, 70.866, 31.496, 31.496, 90],
		[209, "PAD47_3", 1591.3, 1350, "T", "DIP", "$1N1887", "", "O", 56.693, 70.866, 31.496, 31.496, 90],
		[210, "PAD47_3", 1591.3, 1350, "B", "DIP", "$1N1887", "", "O", 56.693, 70.866, 31.496, 31.496, 90],
		[211, "PAD48_14", 1278.7, 1350, "T", "DIP", "$1N3199", "", "O", 56.693, 70.866, 31.496, 31.496, 90],
		[212, "PAD48_14", 1278.7, 1350, "B", "DIP", "$1N3199", "", "O", 56.693, 70.866, 31.496, 31.496, 90],
		[213, "PAD49_4", 1591.3, 1450, "T", "DIP", "$1N1900", "", "O", 56.693, 70.866, 31.496, 31.496, 90],
		[214, "PAD49_4", 1591.3, 1450, "B", "DIP", "$1N1900", "", "O", 56.693, 70.866, 31.496, 31.496, 90],
		[215, "PAD50_5", 1591.3, 1550, "T", "DIP", "$1N1928", "", "O", 56.693, 70.866, 31.496, 31.496, 90],
		[216, "PAD50_5", 1591.3, 1550, "B", "DIP", "$1N1928", "", "O", 56.693, 70.866, 31.496, 31.496, 90],
		[217, "PAD51_6", 1591.3, 1650, "T", "DIP", "$1N1935", "", "O", 56.693, 70.866, 31.496, 31.496, 90],
		[218, "PAD51_6", 1591.3, 1650, "B", "DIP", "$1N1935", "", "O", 56.693, 70.866, 31.496, 31.496, 90],
		[219, "PAD52_11", 1278.7, 1650, "T", "DIP", "$1N1953", "", "O", 56.693, 70.866, 31.496, 31.496, 90],
		[220, "PAD52_11", 1278.7, 1650, "B", "DIP", "$1N1953", "", "O", 56.693, 70.866, 31.496, 31.496, 90],
		[221, "PAD53_7", 1591.3, 1750, "T", "DIP", "$1N1907", "", "O", 56.693, 70.866, 31.496, 31.496, 90],
		[222, "PAD53_7", 1591.3, 1750, "B", "DIP", "$1N1907", "", "O", 56.693, 70.866, 31.496, 31.496, 90],
		[223, "PAD54_10", 1278.7, 1750, "T", "DIP", "$1N1914", "", "O", 56.693, 70.866, 31.496, 31.496, 90],
		[224, "PAD54_10", 1278.7, 1750, "B", "DIP", "$1N1914", "", "O", 56.693, 70.866, 31.496, 31.496, 90],
		[225, "PAD55_8", 1591.3, 1850, "T", "DIP", "$1N3192", "", "O", 56.693, 70.866, 31.496, 31.496, 90],
		[226, "PAD55_8", 1591.3, 1850, "B", "DIP", "$1N3192", "", "O", 56.693, 70.866, 31.496, 31.496, 90],
		[227, "PAD56_9", 1278.7, 1850, "T", "DIP", "$1N1947", "", "O", 56.693, 70.866, 31.496, 31.496, 90],
		[228, "PAD56_9", 1278.7, 1850, "B", "DIP", "$1N1947", "", "O", 56.693, 70.866, 31.496, 31.496, 90]
	]
}
}